company_name,addr,link,start
暨南大学,广州,https://bolexiaozhao.com/index.php/Home/Company/companyJob/id/20428.html,11月08日
恒伦口腔医疗科技集团股份有限公司,太原,https://bolexiaozhao.com/index.php/Home/Company/companyJob/id/20413.html,09月27日
歌尔股份有限公司,潍坊,https://bolexiaozhao.com/index.php/Home/Company/companyJob/id/19844.html,04月30日
中建五局第三建设有限公司,长沙,https://bolexiaozhao.com/index.php/Home/Company/companyJob/id/2121.html,02月19日
广西海洋科学院（广西红树林研究中心）,南宁,https://bolexiaozhao.com/index.php/Home/Company/companyJob/id/20391.html,10月29日
上汽通用五菱汽车股份有限公司,柳州,https://bolexiaozhao.com/index.php/Home/Company/companyJob/id/5272.html,05月28日
中建七局土木工程公司,武汉,https://bolexiaozhao.com/index.php/Home/Company/companyJob/id/15512.html,03月02日
中国科学院国家授时中心,西安,https://bolexiaozhao.com/index.php/Home/Company/companyJob/id/19948.html,09月09日
中船电机科技股份有限公司太原分公司,太原,https://bolexiaozhao.com/index.php/Home/Company/companyJob/id/20297.html,08月27日
国家智能设计与数控技术创新中心,武汉,https://bolexiaozhao.com/index.php/Home/Company/companyJob/id/19882.html,05月13日
中国机械总院集团哈尔滨焊接研究所有限公司,哈尔滨,https://bolexiaozhao.com/index.php/Home/Company/companyJob/id/20258.html,08月14日
江苏国泰汉帛实业发展有限公司,苏州,https://bolexiaozhao.com/index.php/Home/Company/companyJob/id/20169.html,06月20日
江阴苏利化学股份有限公司,无锡,https://bolexiaozhao.com/index.php/Home/Company/companyJob/id/20233.html,07月31日
宁波德业科技股份有限公司,宁波,https://bolexiaozhao.com/index.php/Home/Company/companyJob/id/7483.html,11月17日
重庆大学,重庆,https://bolexiaozhao.com/index.php/Home/Company/companyJob/id/2837.html,03月03日
浙江省激光智能装备技术创新中心,温州,https://bolexiaozhao.com/index.php/Home/Company/companyJob/id/20207.html,07月15日
深圳市航天泰瑞捷电子有限公司,深圳,https://bolexiaozhao.com/index.php/Home/Company/companyJob/id/19890.html,05月13日
深圳大学电子与信息工程学院,深圳,https://bolexiaozhao.com/index.php/Home/Company/companyJob/id/20199.html,07月10日
山东艾诺智能仪器有限公司,济南,https://bolexiaozhao.com/index.php/Home/Company/companyJob/id/19841.html,10月22日
广州工业智能研究院,广州,https://bolexiaozhao.com/index.php/Home/Company/companyJob/id/20088.html,09月26日
江门市铭师馆教育信息咨询有限公司,江门,https://bolexiaozhao.com/index.php/Home/Company/companyJob/id/4745.html,06月28日
上海市轴承技术研究所有限公司,上海,https://bolexiaozhao.com/index.php/Home/Company/companyJob/id/20171.html,06月21日
中国科学院兰州化学物理研究所,兰州,https://bolexiaozhao.com/index.php/Home/Company/companyJob/id/5682.html,03月05日
北京曲一线图书策划有限公司,北京,https://bolexiaozhao.com/index.php/Home/Company/companyJob/id/16207.html,04月26日
中国平安财产保险股份有限公司湖北分公司,武汉,https://bolexiaozhao.com/index.php/Home/Company/companyJob/id/6474.html,12月06日
中建七局第六建筑有限公司,深圳,https://bolexiaozhao.com/index.php/Home/Company/companyJob/id/5251.html,10月14日
中兵通信科技股份有限公司武汉分公司,武汉,https://bolexiaozhao.com/index.php/Home/Company/companyJob/id/18766.html,06月07日
伯乐校招,武汉,https://bolexiaozhao.com/index.php/Home/Company/companyJob/id/3063.html,03月18日
中交一航局西南工程有限公司,南宁,https://bolexiaozhao.com/index.php/Home/Company/companyJob/id/5110.html,11月07日
永康市教育局,金华,https://bolexiaozhao.com/index.php/Home/Company/companyJob/id/19670.html,04月07日
河南天星教育传媒股份有限公司,郑州,https://bolexiaozhao.com/index.php/Home/Company/companyJob/id/1780.html,10月16日
长江存储科技有限责任公司,武汉,https://bolexiaozhao.com/index.php/Home/Company/companyJob/id/15760.html,03月11日
海南大学,海口,https://bolexiaozhao.com/index.php/Home/Company/companyJob/id/19438.html,11月27日
北京市八一学校,北京,https://bolexiaozhao.com/index.php/Home/Company/companyJob/id/17468.html,09月27日
广东翔蓝企业管理顾问有限公司,佛山,https://bolexiaozhao.com/index.php/Home/Company/companyJob/id/6004.html,03月07日
中建二局第二建筑工程有限公司,深圳,https://bolexiaozhao.com/index.php/Home/Company/companyJob/id/15103.html,09月29日
中国科学院上海技术物理研究所,上海,https://bolexiaozhao.com/index.php/Home/Company/companyJob/id/2681.html,03月04日
广州虹科电子科技有限公司,广州,https://bolexiaozhao.com/index.php/Home/Company/companyJob/id/105.html,11月13日
深圳市肯綮科技有限公司,深圳,https://bolexiaozhao.com/index.php/Home/Company/companyJob/id/1266.html,07月13日
上海柏楚电子科技股份有限公司,上海,https://bolexiaozhao.com/index.php/Home/Company/companyJob/id/225.html,02月19日
武汉华工激光工程有限责任公司,武汉,https://bolexiaozhao.com/index.php/Home/Company/companyJob/id/2165.html,12月08日
武汉多组学转化医学研究中心有限公司,武汉,https://bolexiaozhao.com/index.php/Home/Company/companyJob/id/2073.html,08月26日
曼迪匹艾（武汉）科技服务有限公司,武汉,https://bolexiaozhao.com/index.php/Home/Company/companyJob/id/2070.html,02月18日
科大讯飞股份有限公司,合肥,https://bolexiaozhao.com/index.php/Home/Company/companyJob/id/2094.html,02月19日
重庆太极实业（集团）股份有限公司,重庆,https://bolexiaozhao.com/index.php/Home/Company/companyJob/id/20483.html,11月13日
作业帮教育科技（北京）有限公司,北京,https://bolexiaozhao.com/index.php/Home/Company/companyJob/id/2835.html,03月04日
泉州聚龙外国语学校,泉州,https://bolexiaozhao.com/index.php/Home/Company/companyJob/id/18980.html,08月16日
神州数码融信软件有限公司西安分公司,西安,https://bolexiaozhao.com/index.php/Home/Company/companyJob/id/17198.html,08月26日
泰康人寿保险有限责任公司湖北新业务中心,武汉,https://bolexiaozhao.com/index.php/Home/Company/companyJob/id/17975.html,11月10日
泛微网络科技股份有限公司,上海,https://bolexiaozhao.com/index.php/Home/Company/companyJob/id/19511.html,01月18日
蓝月亮（中国）有限公司,广州,https://bolexiaozhao.com/index.php/Home/Company/companyJob/id/61.html,08月09日
北京猿力教育科技有限公司,北京,https://bolexiaozhao.com/index.php/Home/Company/companyJob/id/2627.html,08月21日
青山控股集团有限公司,宁德,https://bolexiaozhao.com/index.php/Home/Company/companyJob/id/15437.html,06月30日
南阳市鸭河工区通成学校,南阳,https://bolexiaozhao.com/index.php/Home/Company/companyJob/id/15187.html,03月27日
芯动微电子科技（武汉）有限公司,武汉,https://bolexiaozhao.com/index.php/Home/Company/companyJob/id/19811.html,08月05日
快鱼服饰有限公司,杭州,https://bolexiaozhao.com/index.php/Home/Company/companyJob/id/20327.html,09月03日
中国人寿保险股份有限公司长沙市分公司,长沙,https://bolexiaozhao.com/index.php/Home/Company/companyJob/id/20331.html,09月04日
内蒙古伊利实业集团股份有限公司金山分公司,武汉,https://bolexiaozhao.com/index.php/Home/Company/companyJob/id/4728.html,09月18日
湛江科技学院,湛江,https://bolexiaozhao.com/index.php/Home/Company/companyJob/id/20092.html,05月30日
北京麦田房产经纪有限公司,北京,https://bolexiaozhao.com/index.php/Home/Company/companyJob/id/17796.html,02月23日
泰康人寿保险有限责任公司湖北分公司,武汉,https://bolexiaozhao.com/index.php/Home/Company/companyJob/id/6023.html,10月19日
贵州三联教育服务有限责任公司,安顺,https://bolexiaozhao.com/index.php/Home/Company/companyJob/id/20110.html,06月14日
伊犁师范大学,伊犁,https://bolexiaozhao.com/index.php/Home/Company/companyJob/id/20113.html,06月03日
河南绿都物业服务有限公司洛阳分公司,洛阳,https://bolexiaozhao.com/index.php/Home/Company/companyJob/id/20374.html,09月18日
晓星氨纶（嘉兴）有限公司,嘉兴,https://bolexiaozhao.com/index.php/Home/Company/companyJob/id/7837.html,11月30日
海亮教育管理集团,杭州,https://bolexiaozhao.com/index.php/Home/Company/companyJob/id/4004.html,08月12日
伯恩光学（惠州）有限公司.,惠州,https://bolexiaozhao.com/index.php/Home/Company/companyJob/id/19115.html,09月09日
山东益客食品产业有限公司,菏泽,https://bolexiaozhao.com/index.php/Home/Company/companyJob/id/16048.html,03月30日
北京学大信息技术集团有限公司,北京,https://bolexiaozhao.com/index.php/Home/Company/companyJob/id/20401.html,09月27日
万向集团公司,杭州,https://bolexiaozhao.com/index.php/Home/Company/companyJob/id/19379.html,11月12日
北京学而思教育科技有限公司,北京,https://bolexiaozhao.com/index.php/Home/Company/companyJob/id/2996.html,03月11日
招商证券股份有限公司北京上地农大南路证券营业部,北京,https://bolexiaozhao.com/index.php/Home/Company/companyJob/id/16316.html,02月27日
苍穹数码技术股份有限公司武汉分公司,武汉,https://bolexiaozhao.com/index.php/Home/Company/companyJob/id/6845.html,02月11日
清远海贝生物技术有限公司,清远,https://bolexiaozhao.com/index.php/Home/Company/companyJob/id/19649.html,02月27日
深圳市乐有家控股集团有限公司,深圳,https://bolexiaozhao.com/index.php/Home/Company/companyJob/id/4290.html,08月31日
成都市郫都区天立学校,成都,https://bolexiaozhao.com/index.php/Home/Company/companyJob/id/7633.html,11月19日
武汉佰钧成技术有限责任公司,武汉,https://bolexiaozhao.com/index.php/Home/Company/companyJob/id/17625.html,10月14日
郑州丹尼斯百货有限公司,郑州,https://bolexiaozhao.com/index.php/Home/Company/companyJob/id/19689.html,03月04日
南京外国语学校雨花国际学校,南京,https://bolexiaozhao.com/index.php/Home/Company/companyJob/id/4588.html,09月14日
中国人寿保险股份有限公司武汉市楚汉支公司,武汉,https://bolexiaozhao.com/index.php/Home/Company/companyJob/id/16890.html,07月18日
杭州福斯特应用材料股份有限公司,杭州,https://bolexiaozhao.com/index.php/Home/Company/companyJob/id/19461.html,12月14日
湖北省齐星汽车车身股份有限公司,随州,https://bolexiaozhao.com/index.php/Home/Company/companyJob/id/19973.html,05月21日
芜湖新兴铸管有限责任公司,芜湖,https://bolexiaozhao.com/index.php/Home/Company/companyJob/id/20485.html,11月15日
浙江黎明智造股份有限公司,舟山,https://bolexiaozhao.com/index.php/Home/Company/companyJob/id/4102.html,05月18日
沈阳猿力科技有限公司,沈阳,https://bolexiaozhao.com/index.php/Home/Company/companyJob/id/5384.html,01月20日
武汉高途云集教育科技有限公司,武汉,https://bolexiaozhao.com/index.php/Home/Company/companyJob/id/3851.html,05月21日
仙桃容百锂电材料有限公司,仙桃,https://bolexiaozhao.com/index.php/Home/Company/companyJob/id/19212.html,09月18日
莆田学院新工科产业学院,莆田,https://bolexiaozhao.com/index.php/Home/Company/companyJob/id/18958.html,08月21日
中信证券股份有限公司浙江分公司,杭州,https://bolexiaozhao.com/index.php/Home/Company/companyJob/id/3089.html,04月22日
中建七局安装工程有限公司,郑州,https://bolexiaozhao.com/index.php/Home/Company/companyJob/id/6932.html,08月10日
长源东谷实业股份有限公司,武汉,https://bolexiaozhao.com/index.php/Home/Company/companyJob/id/19476.html,12月21日
长园深瑞继保自动化有限公司,深圳,https://bolexiaozhao.com/index.php/Home/Company/companyJob/id/6682.html,09月14日
深圳市康哲药业有限公司-湖北区域,深圳,https://bolexiaozhao.com/index.php/Home/Company/companyJob/id/2075.html,01月12日
荆楚理工学院,荆门,https://bolexiaozhao.com/index.php/Home/Company/companyJob/id/19996.html,05月22日
咸宁市咸安区梓山湖北大邦实验学校,咸宁,https://bolexiaozhao.com/index.php/Home/Company/companyJob/id/19742.html,03月13日
济南邦德激光股份有限公司,济南,https://bolexiaozhao.com/index.php/Home/Company/companyJob/id/3360.html,04月02日
伊之密股份有限公司,佛山,https://bolexiaozhao.com/index.php/Home/Company/companyJob/id/19237.html,09月18日
山东开创集团股份有限公司,济南,https://bolexiaozhao.com/index.php/Home/Company/companyJob/id/3368.html,04月03日
杭州乐刻网络技术有限公司,杭州,https://bolexiaozhao.com/index.php/Home/Company/companyJob/id/17192.html,08月25日
武汉光庭信息技术股份有限公司,武汉,https://bolexiaozhao.com/index.php/Home/Company/companyJob/id/2601.html,02月26日
利川市清江外国语学校,恩施,https://bolexiaozhao.com/index.php/Home/Company/companyJob/id/5417.html,01月23日
纳恩博（北京）科技有限公司,北京,https://bolexiaozhao.com/index.php/Home/Company/companyJob/id/15401.html,02月28日
中交资产管理有限公司,北京,https://bolexiaozhao.com/index.php/Home/Company/companyJob/id/19755.html,03月15日
上海长宁区乐读线上教育培训学校,上海,https://bolexiaozhao.com/index.php/Home/Company/companyJob/id/20272.html,08月19日
哈尔滨锅炉厂有限责任公司,哈尔滨,https://bolexiaozhao.com/index.php/Home/Company/companyJob/id/2354.html,06月04日
广东晶科电子股份有限公司,广州,https://bolexiaozhao.com/index.php/Home/Company/companyJob/id/17714.html,05月29日
仙桃市第一中学,仙桃,https://bolexiaozhao.com/index.php/Home/Company/companyJob/id/2615.html,10月11日
山东英才学院,济南,https://bolexiaozhao.com/index.php/Home/Company/companyJob/id/20279.html,08月21日
浙江中广电器集团股份有限公司,丽水,https://bolexiaozhao.com/index.php/Home/Company/companyJob/id/570.html,09月29日
漳州实验中学,漳州,https://bolexiaozhao.com/index.php/Home/Company/companyJob/id/6972.html,11月18日
武汉天源环保股份有限公司,武汉,https://bolexiaozhao.com/index.php/Home/Company/companyJob/id/2366.html,04月15日
中国五环工程有限公司,武汉,https://bolexiaozhao.com/index.php/Home/Company/companyJob/id/2115.html,03月19日
北京软通智慧科技有限公司,北京,https://bolexiaozhao.com/index.php/Home/Company/companyJob/id/14915.html,02月14日
北京经纬恒润科技股份有限公司武汉分公司,武汉,https://bolexiaozhao.com/index.php/Home/Company/companyJob/id/20292.html,08月26日
上海广电电气（集团）股份有限公司,上海,https://bolexiaozhao.com/index.php/Home/Company/companyJob/id/20293.html,08月26日
深圳贝赛思外籍人员子女学校,深圳,https://bolexiaozhao.com/index.php/Home/Company/companyJob/id/4167.html,03月04日
立马车业集团有限公司,台州,https://bolexiaozhao.com/index.php/Home/Company/companyJob/id/20296.html,08月27日
深圳市冠旭电子股份有限公司,深圳,https://bolexiaozhao.com/index.php/Home/Company/companyJob/id/16203.html,04月27日
北海市海城区巴川学校,北海,https://bolexiaozhao.com/index.php/Home/Company/companyJob/id/16720.html,10月10日
湖南宾之郎实业集团有限公司,湘潭,https://bolexiaozhao.com/index.php/Home/Company/companyJob/id/19537.html,02月17日
钟祥市人民医院/武汉大学人民医院钟祥医院,荆门,https://bolexiaozhao.com/index.php/Home/Company/companyJob/id/4947.html,10月26日
中国科学院光电技术研究所,成都,https://bolexiaozhao.com/index.php/Home/Company/companyJob/id/18773.html,08月22日
恒立液压股份有限公司,常州,https://bolexiaozhao.com/index.php/Home/Company/companyJob/id/20309.html,08月30日
万得信息技术股份有限公司,上海,https://bolexiaozhao.com/index.php/Home/Company/companyJob/id/4185.html,08月25日
东莞东骅电子科技有限公司,东莞,https://bolexiaozhao.com/index.php/Home/Company/companyJob/id/20057.html,05月29日
税友软件集团股份有限公司,杭州,https://bolexiaozhao.com/index.php/Home/Company/companyJob/id/20316.html,08月30日
北京希望在线线上学科培训学校,北京,https://bolexiaozhao.com/index.php/Home/Company/companyJob/id/19555.html,08月19日
江苏原力数字科技股份有限公司,南京,https://bolexiaozhao.com/index.php/Home/Company/companyJob/id/20067.html,05月28日
齐鲁医药学院,淄博,https://bolexiaozhao.com/index.php/Home/Company/companyJob/id/19812.html,09月05日
陕西美邦药业集团股份有限公司西安分公司,西安,https://bolexiaozhao.com/index.php/Home/Company/companyJob/id/18022.html,11月15日
江山（宜昌）作物科技有限公司,宜昌,https://bolexiaozhao.com/index.php/Home/Company/companyJob/id/19046.html,01月12日
国创高科实业集团有限公司,武汉,https://bolexiaozhao.com/index.php/Home/Company/companyJob/id/4456.html,09月23日
中荣印刷集团股份有限公司,中山,https://bolexiaozhao.com/index.php/Home/Company/companyJob/id/6764.html,09月24日
柳州银行股份有限公司,柳州,https://bolexiaozhao.com/index.php/Home/Company/companyJob/id/15468.html,03月02日
维达力科技股份有限公司,咸宁,https://bolexiaozhao.com/index.php/Home/Company/companyJob/id/19054.html,08月31日
山东和康源集团有限公司,济南,https://bolexiaozhao.com/index.php/Home/Company/companyJob/id/3953.html,10月10日
欣欣相融教育科技（北京）有限公司,北京,https://bolexiaozhao.com/index.php/Home/Company/companyJob/id/17521.html,10月09日
苏交科集团股份有限公司,南京,https://bolexiaozhao.com/index.php/Home/Company/companyJob/id/18804.html,05月27日
湖南迪文科技有限公司,常德,https://bolexiaozhao.com/index.php/Home/Company/companyJob/id/20085.html,08月19日
康辉南通新材料科技有限公司,南通,https://bolexiaozhao.com/index.php/Home/Company/companyJob/id/17270.html,09月01日
深圳市杰普特光电股份有限公司,深圳,https://bolexiaozhao.com/index.php/Home/Company/companyJob/id/20342.html,09月14日
大连理工大学,大连,https://bolexiaozhao.com/index.php/Home/Company/companyJob/id/20343.html,09月08日
中船动力(集团)有限公司,上海,https://bolexiaozhao.com/index.php/Home/Company/companyJob/id/20344.html,09月08日
凯盛浩丰农业集团有限公司,青岛,https://bolexiaozhao.com/index.php/Home/Company/companyJob/id/20346.html,09月09日
泰晶科技股份有限公司,随州,https://bolexiaozhao.com/index.php/Home/Company/companyJob/id/5243.html,09月12日
武汉精测电子集团股份有限公司,武汉,https://bolexiaozhao.com/index.php/Home/Company/companyJob/id/2430.html,02月24日
准格尔旗教育体育局,鄂尔多斯,https://bolexiaozhao.com/index.php/Home/Company/companyJob/id/20350.html,09月10日
唐山学院,唐山,https://bolexiaozhao.com/index.php/Home/Company/companyJob/id/20097.html,05月31日
中信银行股份有限公司北京分行,北京,https://bolexiaozhao.com/index.php/Home/Company/companyJob/id/20354.html,09月11日
东江精创注塑（深圳）有限公司,深圳,https://bolexiaozhao.com/index.php/Home/Company/companyJob/id/16516.html,09月11日
深圳市赢合科技股份有限公司,深圳,https://bolexiaozhao.com/index.php/Home/Company/companyJob/id/1159.html,09月25日
深圳市崧盛电子股份有限公司,深圳,https://bolexiaozhao.com/index.php/Home/Company/companyJob/id/20360.html,09月12日
吴江南玻玻璃有限公司,苏州,https://bolexiaozhao.com/index.php/Home/Company/companyJob/id/7817.html,11月26日
北京市顺义区第一中学-新,北京,https://bolexiaozhao.com/index.php/Home/Company/companyJob/id/20363.html,09月13日
柳州市柳江中学,柳州,https://bolexiaozhao.com/index.php/Home/Company/companyJob/id/5517.html,02月21日
深圳市优博讯科技股份有限公司,深圳,https://bolexiaozhao.com/index.php/Home/Company/companyJob/id/2702.html,03月04日
长水教育控股集团有限公司,昆明,https://bolexiaozhao.com/index.php/Home/Company/companyJob/id/5520.html,11月14日
济南新东方培训学校有限公司,济南,https://bolexiaozhao.com/index.php/Home/Company/companyJob/id/2706.html,02月28日
东莞市鼎通精密科技股份有限公司,东莞,https://bolexiaozhao.com/index.php/Home/Company/companyJob/id/15250.html,07月11日
深圳市亚飞电子商务有限公司,武汉,https://bolexiaozhao.com/index.php/Home/Company/companyJob/id/20372.html,09月18日
格科微电子（浙江）有限公司,嘉兴,https://bolexiaozhao.com/index.php/Home/Company/companyJob/id/20373.html,09月18日
五洲工程顾问集团有限公司,杭州,https://bolexiaozhao.com/index.php/Home/Company/companyJob/id/18070.html,11月17日
丰益高分子材料（连云港）有限公司,连云港,https://bolexiaozhao.com/index.php/Home/Company/companyJob/id/19356.html,10月25日
中国科学院新疆理化技术研究所,乌鲁木齐,https://bolexiaozhao.com/index.php/Home/Company/companyJob/id/20126.html,06月05日
广东天安新材料股份有限公司,佛山,https://bolexiaozhao.com/index.php/Home/Company/companyJob/id/20129.html,06月05日
武汉生物工程学院,武汉,https://bolexiaozhao.com/index.php/Home/Company/companyJob/id/5542.html,03月01日
深圳市同为数码科技股份有限公司,深圳,https://bolexiaozhao.com/index.php/Home/Company/companyJob/id/17574.html,10月11日
深圳市创世纪机械有限公司,深圳,https://bolexiaozhao.com/index.php/Home/Company/companyJob/id/4007.html,09月13日
武汉帝尔激光科技股份有限公司,武汉,https://bolexiaozhao.com/index.php/Home/Company/companyJob/id/17324.html,09月07日
湖南九鼎科技（集团）有限公司,长沙,https://bolexiaozhao.com/index.php/Home/Company/companyJob/id/16046.html,04月01日
仲利国际融资租赁有限公司,上海,https://bolexiaozhao.com/index.php/Home/Company/companyJob/id/20398.html,09月24日
安徽迎驾贡酒股份有限公司,六安,https://bolexiaozhao.com/index.php/Home/Company/companyJob/id/19377.html,08月31日
法雷奥汽车内部控制（深圳）有限公司武汉分公司,武汉,https://bolexiaozhao.com/index.php/Home/Company/companyJob/id/19125.html,09月12日
浙江我武生物科技股份有限公司上海分公司,上海,https://bolexiaozhao.com/index.php/Home/Company/companyJob/id/3767.html,07月22日
开沃新能源汽车集团股份有限公司,南京,https://bolexiaozhao.com/index.php/Home/Company/companyJob/id/15042.html,09月20日
江苏巨力钢绳有限公司,南通,https://bolexiaozhao.com/index.php/Home/Company/companyJob/id/19907.html,05月16日
阳光人寿保险股份有限公司湖北分公司,武汉,https://bolexiaozhao.com/index.php/Home/Company/companyJob/id/20419.html,10月08日
上海锅炉厂有限公司,上海,https://bolexiaozhao.com/index.php/Home/Company/companyJob/id/19654.html,02月28日
联基精密电子股份有限公司,东莞,https://bolexiaozhao.com/index.php/Home/Company/companyJob/id/20166.html,06月25日
摩芮思科技咨询（上海）有限公司,上海,https://bolexiaozhao.com/index.php/Home/Company/companyJob/id/15303.html,03月02日
中建六局华南建设有限公司,深圳,https://bolexiaozhao.com/index.php/Home/Company/companyJob/id/7369.html,09月10日
云南省德宏傣族景颇族自治州民族第一中学,德宏,https://bolexiaozhao.com/index.php/Home/Company/companyJob/id/20425.html,10月09日
上海海隆软件股份有限公司,上海,https://bolexiaozhao.com/index.php/Home/Company/companyJob/id/2252.html,09月03日
同创生活科技（深圳）有限公司,深圳,https://bolexiaozhao.com/index.php/Home/Company/companyJob/id/20172.html,06月21日
乐歌人体工学科技股份有限公司,宁波,https://bolexiaozhao.com/index.php/Home/Company/companyJob/id/15822.html,03月17日
神州数码（中国）有限公司西安分公司,西安,https://bolexiaozhao.com/index.php/Home/Company/companyJob/id/19918.html,05月16日
卡斯柯信号有限公司,上海,https://bolexiaozhao.com/index.php/Home/Company/companyJob/id/19665.html,02月28日
西安外事学院,西安,https://bolexiaozhao.com/index.php/Home/Company/companyJob/id/19923.html,05月17日
云南昆船机械制造有限公司,昆明,https://bolexiaozhao.com/index.php/Home/Company/companyJob/id/15572.html,05月31日
萍乡萍钢安源钢铁有限公司,萍乡,https://bolexiaozhao.com/index.php/Home/Company/companyJob/id/18902.html,02月20日
舞阳钢铁有限责任公司,平顶山,https://bolexiaozhao.com/index.php/Home/Company/companyJob/id/19161.html,09月12日
厦门极兔供应链管理有限公司,厦门,https://bolexiaozhao.com/index.php/Home/Company/companyJob/id/20442.html,10月30日
安徽英科医疗用品有限公司,淮北,https://bolexiaozhao.com/index.php/Home/Company/companyJob/id/16351.html,05月25日
康惠（惠州）半导体有限公司,惠州,https://bolexiaozhao.com/index.php/Home/Company/companyJob/id/3301.html,04月01日
快乐学习（厦门）文化有限公司,厦门,https://bolexiaozhao.com/index.php/Home/Company/companyJob/id/19942.html,05月18日
西子电梯科技有限公司,杭州,https://bolexiaozhao.com/index.php/Home/Company/companyJob/id/19433.html,11月20日
南京圣和药业股份有限公司,南京,https://bolexiaozhao.com/index.php/Home/Company/companyJob/id/2538.html,02月27日
贵州航天林泉电机有限公司,贵阳,https://bolexiaozhao.com/index.php/Home/Company/companyJob/id/18929.html,07月24日
深圳市创客工场科技有限公司,深圳,https://bolexiaozhao.com/index.php/Home/Company/companyJob/id/20218.html,07月24日
深圳市环水投资集团有限公司,深圳,https://bolexiaozhao.com/index.php/Home/Company/companyJob/id/18427.html,02月07日
思派（北京）保险经纪有限公司,北京,https://bolexiaozhao.com/index.php/Home/Company/companyJob/id/20222.html,07月29日
厦门路桥建设集团有限公司,厦门,https://bolexiaozhao.com/index.php/Home/Company/companyJob/id/20479.html,11月07日
武汉中粮肉食品有限公司,武汉,https://bolexiaozhao.com/index.php/Home/Company/companyJob/id/19456.html,12月11日
大连科苑文化培训学校有限公司,大连,https://bolexiaozhao.com/index.php/Home/Company/companyJob/id/5386.html,01月21日
泉州市华德机电设备有限公司,泉州,https://bolexiaozhao.com/index.php/Home/Company/companyJob/id/19727.html,03月11日
武汉光谷未来学校,武汉,https://bolexiaozhao.com/index.php/Home/Company/companyJob/id/19474.html,12月22日
深圳市索菱股份实业有限公司,武汉,https://bolexiaozhao.com/index.php/Home/Company/companyJob/id/19225.html,09月19日
武汉开目信息技术股份有限公司,武汉,https://bolexiaozhao.com/index.php/Home/Company/companyJob/id/18978.html,08月28日
中国科学院广州能源研究所,广州,https://bolexiaozhao.com/index.php/Home/Company/companyJob/id/20274.html,08月19日
珠海派诺科技股份有限公司,珠海,https://bolexiaozhao.com/index.php/Home/Company/companyJob/id/5432.html,01月25日
深圳市勘察测绘院（集团）有限公司,深圳,https://bolexiaozhao.com/index.php/Home/Company/companyJob/id/6200.html,06月22日
太原市扬帆职业高级中学有限公司,太原,https://bolexiaozhao.com/index.php/Home/Company/companyJob/id/19260.html,10月08日
衡阳镭目科技有限责任公司,衡阳,https://bolexiaozhao.com/index.php/Home/Company/companyJob/id/4158.html,09月24日
国家工业信息安全发展研究中心,北京,https://bolexiaozhao.com/index.php/Home/Company/companyJob/id/18751.html,06月06日
合肥我们方田教育科技有限公司,合肥,https://bolexiaozhao.com/index.php/Home/Company/companyJob/id/19519.html,01月25日
有研金属复合材料（北京）股份公司,北京,https://bolexiaozhao.com/index.php/Home/Company/companyJob/id/20287.html,08月23日
正大食品（襄阳）有限公司,襄樊,https://bolexiaozhao.com/index.php/Home/Company/companyJob/id/19523.html,01月25日
允发生物科技（上海）有限公司,上海,https://bolexiaozhao.com/index.php/Home/Company/companyJob/id/19012.html,08月25日
威海人生药业集团股份有限公司,威海,https://bolexiaozhao.com/index.php/Home/Company/companyJob/id/3909.html,08月01日
招商银行股份有限公司温州分行,温州,https://bolexiaozhao.com/index.php/Home/Company/companyJob/id/18503.html,03月08日
山西医科大学汾阳学院,吕梁,https://bolexiaozhao.com/index.php/Home/Company/companyJob/id/19783.html,03月27日
东莞市南开实验学校,东莞,https://bolexiaozhao.com/index.php/Home/Company/companyJob/id/3402.html,04月03日
方舟健客集团,广州,https://bolexiaozhao.com/index.php/Home/Company/companyJob/id/19018.html,10月10日
上海紫灏信息技术有限公司,上海,https://bolexiaozhao.com/index.php/Home/Company/companyJob/id/20318.html,08月30日
迈得医疗工业设备股份有限公司,台州,https://bolexiaozhao.com/index.php/Home/Company/companyJob/id/20063.html,05月29日
中国安能集团第一工程局有限公司合肥分公司,合肥,https://bolexiaozhao.com/index.php/Home/Company/companyJob/id/20064.html,05月28日
厦门中达集团有限公司,广州,https://bolexiaozhao.com/index.php/Home/Company/companyJob/id/20322.html,09月06日
枣阳市阳光学校,襄樊,https://bolexiaozhao.com/index.php/Home/Company/companyJob/id/5476.html,02月25日
贵州电子商务云运营有限责任公司,贵阳,https://bolexiaozhao.com/index.php/Home/Company/companyJob/id/20071.html,05月28日
武汉九珑人福药业有限责任公司,武汉,https://bolexiaozhao.com/index.php/Home/Company/companyJob/id/2154.html,02月21日
济源职业技术学院,济源,https://bolexiaozhao.com/index.php/Home/Company/companyJob/id/1901.html,11月02日
每日互动股份有限公司,杭州,https://bolexiaozhao.com/index.php/Home/Company/companyJob/id/20334.html,09月04日
中建四局投资发展公司,广州,https://bolexiaozhao.com/index.php/Home/Company/companyJob/id/20335.html,09月04日
湖南康麦斯品牌管理有限公司,长沙,https://bolexiaozhao.com/index.php/Home/Company/companyJob/id/20082.html,05月29日
武汉绿色巨农农牧股份有限公司,武汉,https://bolexiaozhao.com/index.php/Home/Company/companyJob/id/19574.html,02月26日
长沙市师大思沁高级中学有限公司,长沙,https://bolexiaozhao.com/index.php/Home/Company/companyJob/id/19326.html,10月31日
神州医疗科技股份有限公司,北京,https://bolexiaozhao.com/index.php/Home/Company/companyJob/id/19589.html,02月22日
商丘市第一高级中学,商丘,https://bolexiaozhao.com/index.php/Home/Company/companyJob/id/20359.html,09月12日
成都市成华区华天星海文化艺术培训学校有限责任公司,成都,https://bolexiaozhao.com/index.php/Home/Company/companyJob/id/20109.html,06月03日
陕西泰发祥实业集团有限公司,西安,https://bolexiaozhao.com/index.php/Home/Company/companyJob/id/4500.html,09月09日
中粮家佳康(随州)有限公司,随州,https://bolexiaozhao.com/index.php/Home/Company/companyJob/id/20375.html,09月18日
米开罗那（上海）工业智能科技股份有限公司,上海,https://bolexiaozhao.com/index.php/Home/Company/companyJob/id/20376.html,09月19日
合肥和安机械制造有限公司,合肥,https://bolexiaozhao.com/index.php/Home/Company/companyJob/id/19358.html,05月24日
蚌埠国钛纳米材料有限公司,蚌埠,https://bolexiaozhao.com/index.php/Home/Company/companyJob/id/16801.html,07月06日
江苏宏微科技股份有限公司,常州,https://bolexiaozhao.com/index.php/Home/Company/companyJob/id/17060.html,08月09日
新疆库车县夏阔坦矿业开发有限责任公司,阿克苏,https://bolexiaozhao.com/index.php/Home/Company/companyJob/id/20394.html,09月20日
中国通信建设第三工程局有限公司,武汉,https://bolexiaozhao.com/index.php/Home/Company/companyJob/id/15538.html,11月04日
中工武大设计集团有限公司,武汉,https://bolexiaozhao.com/index.php/Home/Company/companyJob/id/7605.html,11月18日
驰骋控股集团股份有限公司,杭州,https://bolexiaozhao.com/index.php/Home/Company/companyJob/id/2742.html,07月07日
浙江分享空间科技有限公司,杭州,https://bolexiaozhao.com/index.php/Home/Company/companyJob/id/19638.html,09月13日
佛山市金银河智能装备股份有限公司,佛山,https://bolexiaozhao.com/index.php/Home/Company/companyJob/id/7352.html,11月14日
上海富勒信息科技有限公司,上海,https://bolexiaozhao.com/index.php/Home/Company/companyJob/id/17339.html,09月08日
江西同和药业股份有限公司,宜春,https://bolexiaozhao.com/index.php/Home/Company/companyJob/id/193.html,04月19日
重庆本斐科技有限公司,重庆,https://bolexiaozhao.com/index.php/Home/Company/companyJob/id/4036.html,08月14日
中国一冶集团有限公司建筑安装分公司,武汉,https://bolexiaozhao.com/index.php/Home/Company/companyJob/id/5828.html,03月27日
捷中鲨鱼（沧州）飞机制造有限公司,沧州,https://bolexiaozhao.com/index.php/Home/Company/companyJob/id/20422.html,09月30日
武汉大北农农牧发展有限公司,武汉,https://bolexiaozhao.com/index.php/Home/Company/companyJob/id/18889.html,07月05日
龙岩卓越新能源股份有限公司,龙岩,https://bolexiaozhao.com/index.php/Home/Company/companyJob/id/16588.html,11月18日
福建泉工股份有限公司,泉州,https://bolexiaozhao.com/index.php/Home/Company/companyJob/id/5325.html,01月27日
曼迪匹艾（天津）科技服务有限公司,天津,https://bolexiaozhao.com/index.php/Home/Company/companyJob/id/15055.html,01月26日
天津英华国际学校,天津,https://bolexiaozhao.com/index.php/Home/Company/companyJob/id/2258.html,08月20日
湖北黄冈伊利乳业有限责任公司黄州分公司,黄冈,https://bolexiaozhao.com/index.php/Home/Company/companyJob/id/4307.html,01月12日
焦作明仁食品有限公司,郑州,https://bolexiaozhao.com/index.php/Home/Company/companyJob/id/16340.html,08月01日
济南市钱学森高级中学有限公司,济南,https://bolexiaozhao.com/index.php/Home/Company/companyJob/id/5592.html,03月02日
天地恒一制药股份有限公司,长沙,https://bolexiaozhao.com/index.php/Home/Company/companyJob/id/5338.html,01月20日
哈尔滨工业大学附属中学校,哈尔滨,https://bolexiaozhao.com/index.php/Home/Company/companyJob/id/7642.html,11月19日
特变电工西安电气科技有限公司,西安,https://bolexiaozhao.com/index.php/Home/Company/companyJob/id/19676.html,10月23日
深圳市财富趋势科技股份有限公司,武汉,https://bolexiaozhao.com/index.php/Home/Company/companyJob/id/19165.html,12月21日
云南昭通云天化高级中学有限公司,昭通,https://bolexiaozhao.com/index.php/Home/Company/companyJob/id/20445.html,10月18日
深圳市乐其网络科技有限公司,深圳,https://bolexiaozhao.com/index.php/Home/Company/companyJob/id/19423.html,11月16日
东莞市典威电子有限公司,东莞,https://bolexiaozhao.com/index.php/Home/Company/companyJob/id/19946.html,05月23日
湖南白象食品有限公司,岳阳,https://bolexiaozhao.com/index.php/Home/Company/companyJob/id/20467.html,11月01日
山东沪鸽口腔材料股份有限公司,日照,https://bolexiaozhao.com/index.php/Home/Company/companyJob/id/247.html,08月28日
中山大桥化工集团有限公司,中山,https://bolexiaozhao.com/index.php/Home/Company/companyJob/id/15354.html,09月06日
武汉安得智联科技有限公司,武汉,https://bolexiaozhao.com/index.php/Home/Company/companyJob/id/20221.html,07月25日
广东省良种引进服务公司,珠海,https://bolexiaozhao.com/index.php/Home/Company/companyJob/id/18433.html,06月06日
湖北美域生物科技有限公司,武汉,https://bolexiaozhao.com/index.php/Home/Company/companyJob/id/19970.html,05月21日
南宁市华侨实验高中,南宁,https://bolexiaozhao.com/index.php/Home/Company/companyJob/id/15363.html,03月20日
深圳市仁禾智能实业有限公司,深圳,https://bolexiaozhao.com/index.php/Home/Company/companyJob/id/20228.html,07月30日
湖北省为源教育投资有限公司,武汉,https://bolexiaozhao.com/index.php/Home/Company/companyJob/id/16393.html,05月30日
上海普洛创智医药科技有限公司,上海,https://bolexiaozhao.com/index.php/Home/Company/companyJob/id/19465.html,12月20日
深圳市南山区昱成文化艺术培训中心,深圳,https://bolexiaozhao.com/index.php/Home/Company/companyJob/id/19721.html,03月07日
武汉赢城欣欣科技有限公司,武汉,https://bolexiaozhao.com/index.php/Home/Company/companyJob/id/19978.html,05月22日
四川龙蟒福生科技有限责任公司,眉山,https://bolexiaozhao.com/index.php/Home/Company/companyJob/id/785.html,04月12日
泰康之家楚园（武汉）养老服务有限公司,武汉,https://bolexiaozhao.com/index.php/Home/Company/companyJob/id/16913.html,07月22日
西安星源博锐新能源技术有限公司,西安,https://bolexiaozhao.com/index.php/Home/Company/companyJob/id/19986.html,05月21日
艾美荣誉（宁波）生物制药有限公司,宁波,https://bolexiaozhao.com/index.php/Home/Company/companyJob/id/15891.html,10月31日
北京锐我科技有限公司,北京,https://bolexiaozhao.com/index.php/Home/Company/companyJob/id/19732.html,05月27日
南京芯视界微电子科技有限公司,南京,https://bolexiaozhao.com/index.php/Home/Company/companyJob/id/19989.html,05月22日
广州市新侨学校,广州,https://bolexiaozhao.com/index.php/Home/Company/companyJob/id/18710.html,07月24日
广州德珹控股有限公司,广州,https://bolexiaozhao.com/index.php/Home/Company/companyJob/id/18457.html,10月31日
深圳市汇业达通讯技术有限公司,深圳,https://bolexiaozhao.com/index.php/Home/Company/companyJob/id/19995.html,05月23日
谷斗科技（上海）有限公司,上海,https://bolexiaozhao.com/index.php/Home/Company/companyJob/id/15644.html,03月04日
浙江拓感科技有限公司,嘉兴,https://bolexiaozhao.com/index.php/Home/Company/companyJob/id/16669.html,06月27日
北京数字绿土科技股份有限公司,北京,https://bolexiaozhao.com/index.php/Home/Company/companyJob/id/20254.html,08月14日
中国邮电器材中南有限公司,武汉,https://bolexiaozhao.com/index.php/Home/Company/companyJob/id/6945.html,10月11日
山西新和实业有限公司,太原,https://bolexiaozhao.com/index.php/Home/Company/companyJob/id/20001.html,05月22日
昆仑太科（北京）技术股份有限公司,北京,https://bolexiaozhao.com/index.php/Home/Company/companyJob/id/7715.html,01月14日
湖南同有飞骥科技有限公司,长沙,https://bolexiaozhao.com/index.php/Home/Company/companyJob/id/17957.html,11月01日
湖北青出于蓝文化传播有限公司,武汉,https://bolexiaozhao.com/index.php/Home/Company/companyJob/id/6186.html,08月31日
武汉学知研学旅行服务有限公司,武汉,https://bolexiaozhao.com/index.php/Home/Company/companyJob/id/4651.html,03月12日
中国科学院成都生物研究所,成都,https://bolexiaozhao.com/index.php/Home/Company/companyJob/id/20268.html,09月05日
中科融合感知智能研究院（苏州工业园区）有限公司,苏州,https://bolexiaozhao.com/index.php/Home/Company/companyJob/id/20270.html,08月20日
北京新华先锋出版科技有限公司,北京,https://bolexiaozhao.com/index.php/Home/Company/companyJob/id/15151.html,02月19日
武汉铁路桥梁职业学院,武汉,https://bolexiaozhao.com/index.php/Home/Company/companyJob/id/17712.html,06月07日
西安优益优教育中心有限公司,西安,https://bolexiaozhao.com/index.php/Home/Company/companyJob/id/19506.html,10月12日
湖北同方高科泵业有限公司,鄂州,https://bolexiaozhao.com/index.php/Home/Company/companyJob/id/6455.html,05月23日
上海耀大生物科技有限公司,上海,https://bolexiaozhao.com/index.php/Home/Company/companyJob/id/7480.html,02月11日
中国食品发酵工业研究院有限公司,北京,https://bolexiaozhao.com/index.php/Home/Company/companyJob/id/5178.html,12月28日
杭州小事做好教育科技有限公司,杭州,https://bolexiaozhao.com/index.php/Home/Company/companyJob/id/19258.html,05月31日
江西省供销冷链科技集团,南昌,https://bolexiaozhao.com/index.php/Home/Company/companyJob/id/20283.html,08月22日
武汉预言软件有限公司,武汉,https://bolexiaozhao.com/index.php/Home/Company/companyJob/id/317.html,05月14日
广州亚新信息科技有限公司,广州,https://bolexiaozhao.com/index.php/Home/Company/companyJob/id/20029.html,05月23日
佛山市南海区石英实验学校,佛山,https://bolexiaozhao.com/index.php/Home/Company/companyJob/id/16448.html,06月06日
武汉精能电子技术有限公司,武汉,https://bolexiaozhao.com/index.php/Home/Company/companyJob/id/19009.html,12月19日
上海睿哲宠物用品有限公司,上海,https://bolexiaozhao.com/index.php/Home/Company/companyJob/id/19521.html,01月25日
常州富烯科技股份有限公司,常州,https://bolexiaozhao.com/index.php/Home/Company/companyJob/id/5954.html,06月04日
北京城建房地产开发有限公司,北京,https://bolexiaozhao.com/index.php/Home/Company/companyJob/id/3395.html,04月03日
深圳市凌宇教育科技有限公司,深圳,https://bolexiaozhao.com/index.php/Home/Company/companyJob/id/20036.html,05月28日
重庆晓学文化科技有限公司,重庆,https://bolexiaozhao.com/index.php/Home/Company/companyJob/id/20040.html,05月24日
北京路浩知识产权集团有限公司,北京,https://bolexiaozhao.com/index.php/Home/Company/companyJob/id/5193.html,01月15日
常熟伦华外国语学校,苏州,https://bolexiaozhao.com/index.php/Home/Company/companyJob/id/20041.html,05月24日
德瑞光学科技（武汉）有限公司,武汉,https://bolexiaozhao.com/index.php/Home/Company/companyJob/id/17999.html,06月09日
国家能源集团新疆开都河流域水电开发有限公司,巴音郭楞,https://bolexiaozhao.com/index.php/Home/Company/companyJob/id/16976.html,07月28日
四川鸿鹄科智教育科技有限责任公司,成都,https://bolexiaozhao.com/index.php/Home/Company/companyJob/id/6994.html,05月19日
山东泰开自动化有限公司,泰安,https://bolexiaozhao.com/index.php/Home/Company/companyJob/id/19794.html,03月28日
德宏傣族景颇族自治州幼儿园,德宏,https://bolexiaozhao.com/index.php/Home/Company/companyJob/id/20050.html,05月28日
上海繁易信息科技股份有限公司,上海,https://bolexiaozhao.com/index.php/Home/Company/companyJob/id/19539.html,08月01日
武汉恩达通科技有限公司,武汉,https://bolexiaozhao.com/index.php/Home/Company/companyJob/id/20054.html,05月30日
上海青浦兰生学校,上海,https://bolexiaozhao.com/index.php/Home/Company/companyJob/id/19544.html,02月18日
丹娜(天津)生物科技股份有限公司,天津,https://bolexiaozhao.com/index.php/Home/Company/companyJob/id/20312.html,09月04日
武汉经济技术开发区晨之光艺术培训学校有限公司,武汉,https://bolexiaozhao.com/index.php/Home/Company/companyJob/id/19803.html,04月01日
武汉市豪迈电力自动化技术有限责任公司,武汉,https://bolexiaozhao.com/index.php/Home/Company/companyJob/id/6748.html,02月28日
陕西东旺农华生物科技有限公司,西安,https://bolexiaozhao.com/index.php/Home/Company/companyJob/id/18013.html,11月14日
武汉贝特尔科技有限责任公司,武汉,https://bolexiaozhao.com/index.php/Home/Company/companyJob/id/20319.html,10月17日
北京伍强科技有限公司,北京,https://bolexiaozhao.com/index.php/Home/Company/companyJob/id/2657.html,02月28日
北京第一实验学校,北京,https://bolexiaozhao.com/index.php/Home/Company/companyJob/id/15717.html,03月07日
万向钱潮股份公司十堰分公司,十堰,https://bolexiaozhao.com/index.php/Home/Company/companyJob/id/19557.html,02月19日
河北瑞鹤医疗器械有限公司,石家庄,https://bolexiaozhao.com/index.php/Home/Company/companyJob/id/4459.html,06月25日
纳昂达（南京）生物科技有限公司,南京,https://bolexiaozhao.com/index.php/Home/Company/companyJob/id/19568.html,02月20日
珠海大横琴科技发展有限公司,珠海,https://bolexiaozhao.com/index.php/Home/Company/companyJob/id/4210.html,08月26日
能量奇点能源科技（上海）有限公司,上海,https://bolexiaozhao.com/index.php/Home/Company/companyJob/id/19570.html,02月20日
成都国星通信有限公司,成都,https://bolexiaozhao.com/index.php/Home/Company/companyJob/id/20338.html,09月05日
武汉市品创乐派商贸有限公司,武汉,https://bolexiaozhao.com/index.php/Home/Company/companyJob/id/6771.html,02月06日
太仓武港码头有限公司,苏州,https://bolexiaozhao.com/index.php/Home/Company/companyJob/id/6010.html,10月12日
北京英赛嘉华知识产权代理有限责任公司,北京,https://bolexiaozhao.com/index.php/Home/Company/companyJob/id/19834.html,04月18日
航天时代飞鹏有限公司,苏州,https://bolexiaozhao.com/index.php/Home/Company/companyJob/id/6523.html,09月01日
上海永利工业制带有限公司,上海,https://bolexiaozhao.com/index.php/Home/Company/companyJob/id/19069.html,08月31日
鹤峰县宝通旅游开发有限公司,恩施,https://bolexiaozhao.com/index.php/Home/Company/companyJob/id/19838.html,04月20日
武汉产业创新发展研究院,武汉,https://bolexiaozhao.com/index.php/Home/Company/companyJob/id/19839.html,04月20日
济南奥图自动化股份有限公司,济南,https://bolexiaozhao.com/index.php/Home/Company/companyJob/id/20095.html,05月31日
湘湖实验室（农业浙江省实验室）,杭州,https://bolexiaozhao.com/index.php/Home/Company/companyJob/id/20096.html,06月03日
上海海隆信技软件有限公司,上海,https://bolexiaozhao.com/index.php/Home/Company/companyJob/id/20352.html,09月11日
武汉华美实验学校,武汉,https://bolexiaozhao.com/index.php/Home/Company/companyJob/id/20098.html,05月31日
义乌市千岸电子商务有限公司,金华,https://bolexiaozhao.com/index.php/Home/Company/companyJob/id/19594.html,02月22日
中能拾贝（广州）科技有限公司,广州,https://bolexiaozhao.com/index.php/Home/Company/companyJob/id/20362.html,09月20日
北京市博汇科技股份有限公司,北京,https://bolexiaozhao.com/index.php/Home/Company/companyJob/id/3723.html,07月17日
佛山市芯耀环保科技有限公司,佛山,https://bolexiaozhao.com/index.php/Home/Company/companyJob/id/20364.html,09月13日
深圳市默贝克驱动技术有限公司,深圳,https://bolexiaozhao.com/index.php/Home/Company/companyJob/id/6543.html,10月24日
陕西创悟美教育科技有限公司,西安,https://bolexiaozhao.com/index.php/Home/Company/companyJob/id/20369.html,09月18日
武汉正大国际贸易有限公司,武汉,https://bolexiaozhao.com/index.php/Home/Company/companyJob/id/20370.html,09月18日
中冶南方（武汉）自动化有限公司,武汉,https://bolexiaozhao.com/index.php/Home/Company/companyJob/id/7315.html,11月09日
深圳市正运动技术有限公司,深圳,https://bolexiaozhao.com/index.php/Home/Company/companyJob/id/18579.html,03月07日
河南典学文化传播有限公司,郑州,https://bolexiaozhao.com/index.php/Home/Company/companyJob/id/5270.html,10月24日
浙江岩谷科技有限公司,金华,https://bolexiaozhao.com/index.php/Home/Company/companyJob/id/2969.html,07月23日
天府兴隆湖实验室,成都,https://bolexiaozhao.com/index.php/Home/Company/companyJob/id/20124.html,06月05日
阳江海大饲料有限公司,阳江,https://bolexiaozhao.com/index.php/Home/Company/companyJob/id/20383.html,09月20日
四川蜀泰化工科技有限公司,遂宁,https://bolexiaozhao.com/index.php/Home/Company/companyJob/id/20132.html,06月05日
粤丰科盈智能投资（广东）有限公司,东莞,https://bolexiaozhao.com/index.php/Home/Company/companyJob/id/16805.html,08月02日
武汉光谷信息技术股份有限公司,武汉,https://bolexiaozhao.com/index.php/Home/Company/companyJob/id/19111.html,05月23日
明达电工（河北）有限公司,石家庄,https://bolexiaozhao.com/index.php/Home/Company/companyJob/id/19880.html,05月11日
武汉东湖新技术开发区格鲁伯实验学校,武汉,https://bolexiaozhao.com/index.php/Home/Company/companyJob/id/3497.html,08月12日
甬江实验室,宁波,https://bolexiaozhao.com/index.php/Home/Company/companyJob/id/19881.html,05月11日
国家超级计算深圳中心(深圳云计算中心),深圳,https://bolexiaozhao.com/index.php/Home/Company/companyJob/id/20393.html,09月23日
武汉爱立方儿童教育传媒股份有限公司,武汉,https://bolexiaozhao.com/index.php/Home/Company/companyJob/id/2731.html,03月02日
凯迈（洛阳）气源有限公司,洛阳,https://bolexiaozhao.com/index.php/Home/Company/companyJob/id/20395.html,09月20日
湖北葛店人福药用辅料有限责任公司,鄂州,https://bolexiaozhao.com/index.php/Home/Company/companyJob/id/17069.html,08月11日
浙江大学NGICS大平台,杭州,https://bolexiaozhao.com/index.php/Home/Company/companyJob/id/19885.html,05月13日
陕西长风新能源科技有限公司,西安,https://bolexiaozhao.com/index.php/Home/Company/companyJob/id/20141.html,06月06日
武汉华威科智能技术有限公司,武汉,https://bolexiaozhao.com/index.php/Home/Company/companyJob/id/20397.html,09月23日
浙江万里学院商学院,宁波,https://bolexiaozhao.com/index.php/Home/Company/companyJob/id/20142.html,06月07日
南通华祥医药科技有限公司,南通,https://bolexiaozhao.com/index.php/Home/Company/companyJob/id/7343.html,11月10日
趋势纵横（北京）文化传播有限公司,北京,https://bolexiaozhao.com/index.php/Home/Company/companyJob/id/7855.html,11月29日
正信期货有限公司,武汉,https://bolexiaozhao.com/index.php/Home/Company/companyJob/id/2225.html,02月20日
北京市博文学校,北京,https://bolexiaozhao.com/index.php/Home/Company/companyJob/id/20145.html,06月12日
嵩山实验室,郑州,https://bolexiaozhao.com/index.php/Home/Company/companyJob/id/20146.html,07月02日
万华禾香销售有限公司,信阳,https://bolexiaozhao.com/index.php/Home/Company/companyJob/id/19642.html,02月28日
眉山博雅新材料股份有限公司,眉山,https://bolexiaozhao.com/index.php/Home/Company/companyJob/id/16575.html,07月20日
武汉禾田软件科技有限公司,武汉,https://bolexiaozhao.com/index.php/Home/Company/companyJob/id/17344.html,09月01日
上海市松江区科德高级中学,上海,https://bolexiaozhao.com/index.php/Home/Company/companyJob/id/19653.html,02月28日
北京外国语大学附属海南外国语学校,澄迈县,https://bolexiaozhao.com/index.php/Home/Company/companyJob/id/17607.html,09月14日
正大水产（湖州）有限公司,湖州,https://bolexiaozhao.com/index.php/Home/Company/companyJob/id/17863.html,11月04日
浙江祉数科技有限公司,湖州,https://bolexiaozhao.com/index.php/Home/Company/companyJob/id/15821.html,03月11日
湖南越摩先进半导体有限公司,株洲,https://bolexiaozhao.com/index.php/Home/Company/companyJob/id/16079.html,03月31日
武汉康礼高级中学有限公司,武汉,https://bolexiaozhao.com/index.php/Home/Company/companyJob/id/15568.html,06月12日
上海盈思佳德供应链管理有限公司,上海,https://bolexiaozhao.com/index.php/Home/Company/companyJob/id/978.html,05月09日
广西万益律师事务所,南宁,https://bolexiaozhao.com/index.php/Home/Company/companyJob/id/7378.html,04月11日
合肥综合性国家科学中心数据空间研究院,合肥,https://bolexiaozhao.com/index.php/Home/Company/companyJob/id/18134.html,11月22日
上海市安装工程集团有限公司华中工程公司,武汉,https://bolexiaozhao.com/index.php/Home/Company/companyJob/id/17111.html,08月21日
北方伟业计量集团有限公司,信阳,https://bolexiaozhao.com/index.php/Home/Company/companyJob/id/20185.html,06月26日
大庆市思凯乐高级中学有限公司,大庆,https://bolexiaozhao.com/index.php/Home/Company/companyJob/id/18398.html,02月17日
上海乔诺企业管理咨询有限公司,上海,https://bolexiaozhao.com/index.php/Home/Company/companyJob/id/20190.html,06月27日
北京大北农生物技术有限公司,北京,https://bolexiaozhao.com/index.php/Home/Company/companyJob/id/18399.html,01月03日
武汉云岭光电股份有限公司,武汉,https://bolexiaozhao.com/index.php/Home/Company/companyJob/id/6368.html,07月28日
贝斯（无锡）信息系统有限公司,无锡,https://bolexiaozhao.com/index.php/Home/Company/companyJob/id/16353.html,08月09日
勤美达（武汉）精密机械有限公司,孝感,https://bolexiaozhao.com/index.php/Home/Company/companyJob/id/19425.html,11月16日
湖北华阳汽车变速系统股份有限公司,十堰,https://bolexiaozhao.com/index.php/Home/Company/companyJob/id/18915.html,07月21日
上海约等于网络科技有限公司,上海,https://bolexiaozhao.com/index.php/Home/Company/companyJob/id/20453.html,10月31日
新毅东（北京）科技有限公司,北京,https://bolexiaozhao.com/index.php/Home/Company/companyJob/id/20454.html,10月24日
广州市花都区华万学校,广州,https://bolexiaozhao.com/index.php/Home/Company/companyJob/id/20455.html,10月29日
桂林市尚贤学校,桂林,https://bolexiaozhao.com/index.php/Home/Company/companyJob/id/20456.html,10月24日
武汉红星美凯龙环球家居广场发展有限公司,武汉,https://bolexiaozhao.com/index.php/Home/Company/companyJob/id/20457.html,10月25日
湖北航聚科技股份有限公司,孝感,https://bolexiaozhao.com/index.php/Home/Company/companyJob/id/17899.html,11月07日
胤源顧問有限公司,香港行政区,https://bolexiaozhao.com/index.php/Home/Company/companyJob/id/20204.html,09月24日
武汉天骥教育科技有限公司,武汉,https://bolexiaozhao.com/index.php/Home/Company/companyJob/id/20460.html,10月29日
华中唯家(珠海横琴)房地产经纪有限公司武汉分公司,武汉,https://bolexiaozhao.com/index.php/Home/Company/companyJob/id/17645.html,08月23日
晓禾教育科技武汉有限公司,武汉,https://bolexiaozhao.com/index.php/Home/Company/companyJob/id/19693.html,03月04日
福建自贸试验区厦门片区Manteia数据科技有限公司,厦门,https://bolexiaozhao.com/index.php/Home/Company/companyJob/id/20205.html,07月16日
常州市武进区汇智教育培训中心有限公司,常州,https://bolexiaozhao.com/index.php/Home/Company/companyJob/id/4852.html,09月27日
北京碧水源净水科技有限公司,北京,https://bolexiaozhao.com/index.php/Home/Company/companyJob/id/19956.html,05月20日
广东明阳龙源电力电子有限公司,中山,https://bolexiaozhao.com/index.php/Home/Company/companyJob/id/16117.html,04月11日
武汉正大水产有限公司,武汉,https://bolexiaozhao.com/index.php/Home/Company/companyJob/id/17909.html,11月08日
安徽泽升科技股份有限公司,上海,https://bolexiaozhao.com/index.php/Home/Company/companyJob/id/19957.html,05月20日
湖北省云梦县第一中学,孝感,https://bolexiaozhao.com/index.php/Home/Company/companyJob/id/19959.html,05月20日
成都三合力通科技有限公司,成都,https://bolexiaozhao.com/index.php/Home/Company/companyJob/id/18936.html,07月27日
安徽省锦瑞汽车部件有限公司,合肥,https://bolexiaozhao.com/index.php/Home/Company/companyJob/id/7419.html,11月17日
福能期货股份有限公司湖北分公司,武汉,https://bolexiaozhao.com/index.php/Home/Company/companyJob/id/4092.html,02月29日
湖北道博律师事务所,武汉,https://bolexiaozhao.com/index.php/Home/Company/companyJob/id/19965.html,05月20日
浙江远翔医疗设备有限公司,杭州,https://bolexiaozhao.com/index.php/Home/Company/companyJob/id/17666.html,10月19日
东莞正和电子商务有限公司,东莞,https://bolexiaozhao.com/index.php/Home/Company/companyJob/id/19716.html,03月07日
江苏国泰华博进出口有限公司,苏州,https://bolexiaozhao.com/index.php/Home/Company/companyJob/id/19972.html,05月21日
武汉华景康光电科技有限公司,武汉,https://bolexiaozhao.com/index.php/Home/Company/companyJob/id/19462.html,12月29日
苏州圣荣元电子科技有限公司,苏州,https://bolexiaozhao.com/index.php/Home/Company/companyJob/id/19975.html,05月21日
大连金煜新能源有限公司,大连,https://bolexiaozhao.com/index.php/Home/Company/companyJob/id/18952.html,08月02日
中原人工智能产业技术研究院,郑州,https://bolexiaozhao.com/index.php/Home/Company/companyJob/id/19976.html,11月11日
武汉市天天象上教育科技有限公司,武汉,https://bolexiaozhao.com/index.php/Home/Company/companyJob/id/19722.html,05月11日
深圳市世纪通供应链股份有限公司,深圳,https://bolexiaozhao.com/index.php/Home/Company/companyJob/id/18699.html,12月14日
苏州佰控传感技术有限公司,苏州,https://bolexiaozhao.com/index.php/Home/Company/companyJob/id/20237.html,08月05日
杭州中柏资产管理有限公司,杭州,https://bolexiaozhao.com/index.php/Home/Company/companyJob/id/20242.html,08月07日
河南省蓝好医药有限责任公司,郑州,https://bolexiaozhao.com/index.php/Home/Company/companyJob/id/16919.html,07月21日
武汉一佳文化传媒有限公司,武汉,https://bolexiaozhao.com/index.php/Home/Company/companyJob/id/19736.html,03月13日
上海晶珩电子科技有限公司,上海,https://bolexiaozhao.com/index.php/Home/Company/companyJob/id/7196.html,10月22日
深圳市学为方文化发展有限公司,深圳,https://bolexiaozhao.com/index.php/Home/Company/companyJob/id/18205.html,06月03日
武汉金榜爱新仕教育咨询有限公司,武汉,https://bolexiaozhao.com/index.php/Home/Company/companyJob/id/19487.html,12月28日
龙岩卓越生物基材料有限公司,龙岩,https://bolexiaozhao.com/index.php/Home/Company/companyJob/id/20256.html,09月23日
东方财富证券股份有限公司湖北分公司,武汉,https://bolexiaozhao.com/index.php/Home/Company/companyJob/id/18471.html,02月09日
深圳市梓宇科技咨询有限公司,深圳,https://bolexiaozhao.com/index.php/Home/Company/companyJob/id/20009.html,10月03日
施璐德文船重工（广州）有限公司,广州,https://bolexiaozhao.com/index.php/Home/Company/companyJob/id/20010.html,06月06日
武汉赫岩科技股份有限公司,武汉,https://bolexiaozhao.com/index.php/Home/Company/companyJob/id/19245.html,03月15日
武汉中科牛津波谱技术有限公司,武汉,https://bolexiaozhao.com/index.php/Home/Company/companyJob/id/19505.html,11月15日
青岛一嘉合创房地产经纪有限公司,青岛,https://bolexiaozhao.com/index.php/Home/Company/companyJob/id/15411.html,03月03日
广州红果互娱网络科技有限公司,广州,https://bolexiaozhao.com/index.php/Home/Company/companyJob/id/18227.html,12月02日
成都新源汇博光电科技有限公司,成都,https://bolexiaozhao.com/index.php/Home/Company/companyJob/id/18229.html,12月05日
中国地质大学（北京）郑州研究院,郑州,https://bolexiaozhao.com/index.php/Home/Company/companyJob/id/6713.html,09月15日
武汉轩轶隆食品有限公司,武汉,https://bolexiaozhao.com/index.php/Home/Company/companyJob/id/20281.html,08月22日
上海典韵律师事务所,上海,https://bolexiaozhao.com/index.php/Home/Company/companyJob/id/7227.html,10月25日
上海远宽能源科技有限公司,上海,https://bolexiaozhao.com/index.php/Home/Company/companyJob/id/17980.html,08月05日
北京航空航天大学未来区块链与隐私计算高精尖创新中心,北京,https://bolexiaozhao.com/index.php/Home/Company/companyJob/id/20288.html,08月27日
湖北诚成建设工程项目管理有限公司,武汉,https://bolexiaozhao.com/index.php/Home/Company/companyJob/id/20035.html,05月27日
太原市小店区环球教育培训学校有限公司,太原,https://bolexiaozhao.com/index.php/Home/Company/companyJob/id/18246.html,12月05日
上海磐松私募基金管理有限公司,上海,https://bolexiaozhao.com/index.php/Home/Company/companyJob/id/19785.html,10月16日
上海子虔科技有限公司,上海,https://bolexiaozhao.com/index.php/Home/Company/companyJob/id/20298.html,08月28日
南大（常熟）研究院有限公司,苏州,https://bolexiaozhao.com/index.php/Home/Company/companyJob/id/4942.html,06月18日
重庆莘知教育科技有限公司,重庆,https://bolexiaozhao.com/index.php/Home/Company/companyJob/id/20303.html,08月30日
苏州梦图地理信息系统有限责任公司,苏州,https://bolexiaozhao.com/index.php/Home/Company/companyJob/id/20304.html,08月28日
森瑞斯生物科技（深圳）有限公司,深圳,https://bolexiaozhao.com/index.php/Home/Company/companyJob/id/7763.html,11月25日
陕西远大弘业企业管理咨询有限公司,西安,https://bolexiaozhao.com/index.php/Home/Company/companyJob/id/20053.html,05月28日
广州三川控制系统工程设备有限公司,广州,https://bolexiaozhao.com/index.php/Home/Company/companyJob/id/15449.html,03月02日
上海君和立成投资管理中心（有限合伙）,上海,https://bolexiaozhao.com/index.php/Home/Company/companyJob/id/6746.html,09月27日
上海盖丰投资咨询有限公司,上海,https://bolexiaozhao.com/index.php/Home/Company/companyJob/id/7005.html,02月16日
中色资源环境工程股份有限公司,北京,https://bolexiaozhao.com/index.php/Home/Company/companyJob/id/19805.html,04月02日
深圳市天天讯通科技有限公司武汉分公司,武汉,https://bolexiaozhao.com/index.php/Home/Company/companyJob/id/19551.html,08月05日
湖北金标尺教育咨询有限公司,武汉,https://bolexiaozhao.com/index.php/Home/Company/companyJob/id/20324.html,09月19日
宝思德化学（上海）有限公司,常州,https://bolexiaozhao.com/index.php/Home/Company/companyJob/id/17000.html,01月08日
成都市武侯区春蕾教育培训学校,成都,https://bolexiaozhao.com/index.php/Home/Company/companyJob/id/20336.html,09月05日
上海云简软件科技有限公司,上海,https://bolexiaozhao.com/index.php/Home/Company/companyJob/id/3698.html,09月15日
北京思行伟业数码科技有限公司,北京,https://bolexiaozhao.com/index.php/Home/Company/companyJob/id/17011.html,08月02日
武汉睿嘉康生物科技有限公司,武汉,https://bolexiaozhao.com/index.php/Home/Company/companyJob/id/5238.html,01月11日
甘肃自然能源研究所,兰州,https://bolexiaozhao.com/index.php/Home/Company/companyJob/id/20087.html,05月29日
美捷登生物科技有限公司,武汉,https://bolexiaozhao.com/index.php/Home/Company/companyJob/id/7295.html,12月27日
上海埃孚欧律师事务所,上海,https://bolexiaozhao.com/index.php/Home/Company/companyJob/id/20353.html,09月11日
宁波市羽航体育发展有限公司,宁波,https://bolexiaozhao.com/index.php/Home/Company/companyJob/id/15235.html,03月11日
重庆市搜舞文化传媒有限公司,重庆,https://bolexiaozhao.com/index.php/Home/Company/companyJob/id/20357.html,09月18日
光科芯图（北京）科技有限公司,北京,https://bolexiaozhao.com/index.php/Home/Company/companyJob/id/20104.html,06月05日
嘉善复旦研究院,嘉兴,https://bolexiaozhao.com/index.php/Home/Company/companyJob/id/19597.html,02月22日
湖南纳诺智能科技有限公司,长沙,https://bolexiaozhao.com/index.php/Home/Company/companyJob/id/19856.html,05月09日
湖南毅华新能源有限公司,长沙,https://bolexiaozhao.com/index.php/Home/Company/companyJob/id/20116.html,06月04日
沿长科技（成都）有限公司武汉分公司,武汉,https://bolexiaozhao.com/index.php/Home/Company/companyJob/id/19861.html,05月10日
武汉庆发禾盛农业发展有限公司,武汉,https://bolexiaozhao.com/index.php/Home/Company/companyJob/id/19611.html,02月23日
深圳市赛元微电子有限公司,深圳,https://bolexiaozhao.com/index.php/Home/Company/companyJob/id/6556.html,09月06日
武汉龙净环保科技有限公司,武汉,https://bolexiaozhao.com/index.php/Home/Company/companyJob/id/2209.html,02月24日
深圳市优易控软件有限公司,深圳,https://bolexiaozhao.com/index.php/Home/Company/companyJob/id/19619.html,02月26日
上海金沓实业发展有限公司,上海,https://bolexiaozhao.com/index.php/Home/Company/companyJob/id/17572.html,08月19日
南京安德普电子科技有限公司,南京,https://bolexiaozhao.com/index.php/Home/Company/companyJob/id/18346.html,02月05日
潍坊山道化学有限公司,潍坊,https://bolexiaozhao.com/index.php/Home/Company/companyJob/id/16555.html,11月02日
杭州纽蓝科技有限公司,杭州,https://bolexiaozhao.com/index.php/Home/Company/companyJob/id/16813.html,07月07日
陕西词之睿教育咨询有限公司,西安,https://bolexiaozhao.com/index.php/Home/Company/companyJob/id/4014.html,08月12日
重庆文茵点点教育咨询服务有限公司,重庆,https://bolexiaozhao.com/index.php/Home/Company/companyJob/id/20403.html,09月24日
常州市武进区汇智教育培训中心,常州,https://bolexiaozhao.com/index.php/Home/Company/companyJob/id/19380.html,10月30日
天津市优势互通科技有限公司,天津,https://bolexiaozhao.com/index.php/Home/Company/companyJob/id/18875.html,06月29日
北京齐动力体育管理有限公司,北京,https://bolexiaozhao.com/index.php/Home/Company/companyJob/id/18108.html,04月26日
山东泰瑞丰新材料有限公司,德州,https://bolexiaozhao.com/index.php/Home/Company/companyJob/id/20164.html,06月18日
上海千欣仪器有限公司,上海,https://bolexiaozhao.com/index.php/Home/Company/companyJob/id/1990.html,02月21日
湖北隶德生物工程有限公司,荆门,https://bolexiaozhao.com/index.php/Home/Company/companyJob/id/19407.html,11月08日
武汉翱飞科技有限公司,武汉,https://bolexiaozhao.com/index.php/Home/Company/companyJob/id/4564.html,09月11日
广州众远智慧科技有限公司,广州,https://bolexiaozhao.com/index.php/Home/Company/companyJob/id/17366.html,09月14日
上海想愿文化传媒有限公司,上海,https://bolexiaozhao.com/index.php/Home/Company/companyJob/id/19926.html,05月17日
芯成半导体（上海）有限公司,上海,https://bolexiaozhao.com/index.php/Home/Company/companyJob/id/20182.html,06月25日
香河县北京景山学校大爱城分校,廊坊,https://bolexiaozhao.com/index.php/Home/Company/companyJob/id/5335.html,01月15日
深圳大工人科技有限公司,深圳,https://bolexiaozhao.com/index.php/Home/Company/companyJob/id/18906.html,07月12日
兴发（上海）国际贸易有限公司,上海,https://bolexiaozhao.com/index.php/Home/Company/companyJob/id/17116.html,08月16日
上海众潮信息技术有限公司,上海,https://bolexiaozhao.com/index.php/Home/Company/companyJob/id/18144.html,12月01日
宁波里尔汽车技术有限公司,宁波,https://bolexiaozhao.com/index.php/Home/Company/companyJob/id/20193.html,07月02日
上海孝庸私募基金管理有限公司,上海,https://bolexiaozhao.com/index.php/Home/Company/companyJob/id/20449.html,11月04日
武汉御驾科技有限公司,武汉,https://bolexiaozhao.com/index.php/Home/Company/companyJob/id/17133.html,08月17日
兰溪市镁材料研究院,金华,https://bolexiaozhao.com/index.php/Home/Company/companyJob/id/19949.html,05月20日
武汉中航通用科技有限公司,武汉,https://bolexiaozhao.com/index.php/Home/Company/companyJob/id/5872.html,03月17日
武汉华科育新科技服务有限公司,武汉,https://bolexiaozhao.com/index.php/Home/Company/companyJob/id/20465.html,10月31日
灵图互动（武汉）科技有限公司,武汉,https://bolexiaozhao.com/index.php/Home/Company/companyJob/id/18165.html,11月30日
武汉上成生物科技有限公司,武汉,https://bolexiaozhao.com/index.php/Home/Company/companyJob/id/19703.html,09月11日
福建省欣盛工程设计有限公司,福州,https://bolexiaozhao.com/index.php/Home/Company/companyJob/id/18684.html,04月26日
武汉先导时代科技有限公司,武汉,https://bolexiaozhao.com/index.php/Home/Company/companyJob/id/18449.html,02月07日
上海协君投资咨询有限公司,上海,https://bolexiaozhao.com/index.php/Home/Company/companyJob/id/19221.html,09月19日
上海弈投投资管理有限公司,上海,https://bolexiaozhao.com/index.php/Home/Company/companyJob/id/20262.html,08月15日
潮州市都信厨卫有限公司,潮州,https://bolexiaozhao.com/index.php/Home/Company/companyJob/id/19775.html,03月25日
妆泽（上海）自动化有限公司,上海,https://bolexiaozhao.com/index.php/Home/Company/companyJob/id/17297.html,09月08日
浙江领炬科技服务有限公司,宁波,https://bolexiaozhao.com/index.php/Home/Company/companyJob/id/19864.html,05月10日
重庆飞行石科技有限公司,重庆,https://bolexiaozhao.com/index.php/Home/Company/companyJob/id/20136.html,06月06日
湖北天佑维生态环境科技有限公司,武汉,https://bolexiaozhao.com/index.php/Home/Company/companyJob/id/18866.html,09月27日
上海龙兴云创金属科技有限公司,上海,https://bolexiaozhao.com/index.php/Home/Company/companyJob/id/20155.html,06月12日
上海上庄实业有限公司,南京,https://bolexiaozhao.com/index.php/Home/Company/companyJob/id/20159.html,06月13日
宣恩顺发电子商务有限公司,恩施,https://bolexiaozhao.com/index.php/Home/Company/companyJob/id/19408.html,11月15日
湖北大迈甄选经贸有限公司,武汉,https://bolexiaozhao.com/index.php/Home/Company/companyJob/id/20177.html,06月24日
北京中尺度大气探测技术有限公司,北京,https://bolexiaozhao.com/index.php/Home/Company/companyJob/id/17643.html,03月05日
